{
  "poi": "zprimett500_norm",
  "observed_95": 1.0675611241658938,
  "expected_median_95": 0.8717374214349204,
  "expected_bands_95": [
    0.467265390943277,
    0.6268584407164147,
    0.8717374214349204,
    1.2121403906381771,
    1.6327832240481073
  ]
}