{
  "poi": "zprimett4000_norm",
  "observed_95": 0.44493836603942444,
  "expected_median_95": [
    0.3334315233483141,
    0.4499383660394246,
    0.6260021841712758,
    0.8761767403288718,
    1.184191391546043
  ]
}